{
  "controller/DetailObjectNotFound.js": 1611052564217,
  "model/models.js": 1611052564217,
  "manifest.json": 1611056345948,
  "model/formatter.js": 1611052564217,
  "controller/NotFound.controller.js": 1611052564217,
  "controller/Master.controller.js": 1611052564217,
  "controller/ListSelector.js": 1611052564217,
  "controller/ErrorHandler.js": 1611052564217,
  "i18n/i18n.properties": 1611052564217,
  "controller/DetailObjectNotFound.controller.js": 1611052564213,
  "controller/Detail.controller.js": 1611052564213,
  "controller/BaseController.js": 1611052564213,
  "controller/App.controller.js": 1611052564213,
  "Component.js": 1611052564213,
  "manifest-bundle.zip": 1611056345428,
  "Component-preload.js": 1611056345873,
  "model/models-dbg.js": 1611052564217,
  "model/formatter-dbg.js": 1611052564217,
  "controller/NotFound-dbg.controller.js": 1611052564217,
  "controller/Master-dbg.controller.js": 1611052564217,
  "controller/ListSelector-dbg.js": 1611052564217,
  "controller/ErrorHandler-dbg.js": 1611052564217,
  "controller/DetailObjectNotFound-dbg.js": 1611052564217,
  "controller/DetailObjectNotFound-dbg.controller.js": 1611052564213,
  "controller/Detail-dbg.controller.js": 1611052564213,
  "controller/BaseController-dbg.js": 1611052564213,
  "controller/App-dbg.controller.js": 1611052564213,
  "Component-dbg.js": 1611052564213,
  "resources.json": 1611056345951,
  "view/ViewSettingsDialog.fragment.xml": 1611052564225,
  "view/NotFound.view.xml": 1611052564225,
  "view/Master.view.xml": 1611052564225,
  "view/DetailObjectNotFound.view.xml": 1611052564225,
  "view/Detail.view.xml": 1611052564225,
  "view/App.view.xml": 1611052564225,
  "test.html": 1611052564217,
  "index.html": 1611052564217
}